timestamp,model,focus,advice
2026-04-21T16:00:41,llama3.2,chat: How can I improve my monthly cash flow?,"**Quick Diagnosis:** Your current net balance is $10,000, which indicates a strong financial foundation. However, your expenses are not being tracked accurately, resulting in significant variances between budgeted and actual amounts.

**What to Change This Week:**

1. **Track Expenses:** Start logging all transactions, including small purchases, using a separate expense tracking app or spreadsheet.
2. **Reconcile Budget vs. Actual:** Review the ""budget_vs_actual"" section and update your budget categories with accurate actual values for each month.
3. **Prioritize Essential Expenses:** Focus on allocating funds to essential expenses like rent, utilities, and healthcare.

**Numeric Targets:**

1. Allocate 30% of your income towards essential expenses (rent, utilities, healthcare).
2. Set aside 10% of your income for savings.
3. Review and adjust your budget categories to ensure accurate tracking of actual expenses.

**One Caution:** Avoid making drastic changes to your spending habits without a clear understanding of your financial goals and priorities. Take time to review your budget and make informed decisions about where to allocate your funds.

Next steps:

1. Update the ""expenses_by_category"" section with accurate values from your expense tracking.
2. Review your income sources and adjust your budget accordingly.
3. Consider implementing a 50/30/20 rule: 50% for essential expenses, 30% for discretionary spending, and 20% for savings and debt repayment.

Let me know if you'd like to discuss further or explore additional strategies!"
2026-04-21T16:01:09,llama3.2,How can I reduce monthly expenses and improve savings?,"**Key Insights**

* Your net balance is $10,000, indicating a strong financial foundation.
* Most categories have zero actual expenses, suggesting an opportunity to reduce unnecessary spending.
* The ""Savings"" category has a significant variance, indicating room for improvement in saving habits.

**Risks**

* Over-reliance on irregular income (one-time salary) may lead to financial instability if it's not consistent.
* Not having any actual expenses in most categories means you might be missing out on essential spending or savings opportunities.

**Action Plan (next 30 days)**

1. Review and adjust the budget vs. actual report to identify areas where you can reduce unnecessary expenses.
2. Set a realistic savings goal, aiming for at least 10% of your net income ($1,000).
3. Allocate a specific amount for unexpected expenses or irregular income.

**Concrete Savings Opportunities**

1. **Meal planning and cooking**: Reduce food expenses by $200/month by meal planning and cooking at home instead of ordering takeout or dining out.
2. **Cancel subscription services**: Review your recent transactions to identify any unnecessary subscriptions (e.g., streaming services, gym memberships). Cancel any that you don't use regularly to save $100/month.
3. **Automate savings**: Set up an automatic transfer from your checking account to your savings account for $500/month to build a safety net and reach your savings goal.

Remember to review and adjust your budget regularly to ensure it aligns with your changing financial goals and expenses."
2026-04-23T18:45:09,llama3.2,chat: Create a realistic budget for next month based on my data.,"**Quick Diagnosis:** Your net balance is $10,000, which is a good starting point. However, your income and expenses are not well-represented in the provided data.

**What to Change This Week:**

1. Review your recent transactions: Take a closer look at the transactions from April 21st and 23rd. It seems like you have two transactions with the same amount ($2000) under ""Food"" category, which might be an error. Make sure to correct this in your budget.
2. Categorize other expenses: You only have one expense category (""Food"") listed. Try to categorize other expenses such as housing, transportation, entertainment, and savings.

**Numeric Targets:**

Assuming a 50/30/20 rule (50% for necessities, 30% for discretionary spending, and 20% for savings), here's a suggested budget plan for next month:

* Income: $12,000
* Fixed Expenses:
	+ Housing: 25% of income = $3,000
	+ Transportation: 10% of income = $1,200
	+ Utilities (estimated): 5% of income = $600
	Total fixed expenses: $4,800
* Discretionary Spending:
	+ Food: $2,000 (as per your data)
	+ Entertainment/Miscellaneous: 15% of income = $1,800
	Total discretionary spending: $3,800
* Savings: 20% of income = $2,400

**One Caution:** Be cautious when allocating a large portion of your income towards savings. While saving is essential, it's also important to ensure you have enough for living expenses and emergencies.

Please review and adjust this budget plan according to your specific needs and priorities."
2026-04-24T19:41:52,llama3.2,How can I reduce monthly expenses and improve savings?,"**Key Insights:**

* Your net balance is $10,000, indicating a good starting point for savings.
* Food expenses account for the majority of your total expenses ($2,000).
* You have two income transactions in the recent transactions section, but one of them is an expense.

**Risks:**

* High food expenses may lead to overspending and reduced savings.
* Lack of budgeting and tracking may result in missed opportunities for cost reduction.

**Action Plan (next 30 days):**

1. Review and adjust your food expenses:
	* Track your food expenses for the next 7 days to identify areas for reduction.
	* Consider meal planning, cooking at home, or using coupons to lower costs.
2. Create a budget and track expenses:
	* Use a budgeting app or spreadsheet to record all income and expenses.
	* Set realistic financial goals and allocate funds accordingly.
3. Increase savings rate:
	* Allocate 10% of your net balance towards savings each month.

**Concrete Savings Opportunities:**

1. **Meal planning and cooking at home**: Plan meals for the week, buy ingredients in bulk, and cook at home to reduce food expenses by $500/month.
2. **Cancel subscription services**: Review your subscription services (e.g., streaming platforms, gym memberships) and cancel any unused or underutilized ones to save $100-200/month.
3. **Reduce household expenses**: Identify areas for reduction in household expenses, such as energy bills, internet plans, or entertainment costs, and implement cost-saving measures to save $200-300/month.

Remember, small changes can add up over time. Start with one or two opportunities and adjust your strategy as needed."
2026-04-24T19:42:10,llama3.2,chat: What are my top 3 overspending categories this month?,"Based on your recent transactions, it appears that you have a significant overspending in the ""Food"" category.

Here's a quick diagnosis:

* You've spent $2000.00 on food for the month (as recorded in your income), but since most of these expenses are likely recurring, this amount is actually an error.
* However, looking at your actual spending, you have another transaction where you spent $2000.00 on food on April 23rd.

To correct this, I recommend changing:

1. Review and adjust your budget for the ""Food"" category to ensure it accurately reflects your monthly expenses.
2. Consider implementing a meal planning or grocery budgeting strategy to help track and manage your food expenses more effectively.
3. Set a target to reduce your food spending by 20% this week (aim for $1600.00) to get back on track.

One caution: Be mindful of any irregular expenses, such as dining out or takeout, which might be contributing to the overspending in this category."
